{
    "numDaysMoreThan40": {
        "trend": {
            "1971-2020": {
                "ssp126": {
                    "BGD": {
                        "1971-07": 0
                    },
                    "Barishal": {
                        "1971-07": 0
                    },
                    "Chattogram": {
                        "1971-07": 0
                    },
                    "Dhaka": {
                        "1971-07": 0.01
                    },
                    "Khulna": {
                        "1971-07": 0.050000000000000003
                    },
                    "Mymensingh": {
                        "1971-07": 0
                    },
                    "Rajshahi": {
                        "1971-07": -0.050000000000000003
                    },
                    "Rangpur": {
                        "1971-07": 0
                    },
                    "Sylhet": {
                        "1971-07": 0
                    }
                },
                "ssp245": {
                    "BGD": {
                        "1971-07": 0.01
                    },
                    "Barishal": {
                        "1971-07": 0
                    },
                    "Chattogram": {
                        "1971-07": 0
                    },
                    "Dhaka": {
                        "1971-07": 0.01
                    },
                    "Khulna": {
                        "1971-07": 0.050000000000000003
                    },
                    "Mymensingh": {
                        "1971-07": 0
                    },
                    "Rajshahi": {
                        "1971-07": -0.01
                    },
                    "Rangpur": {
                        "1971-07": 0
                    },
                    "Sylhet": {
                        "1971-07": 0
                    }
                }
            }
        },
        "anomaly": {
            "2040-2059": {
                "ssp126": {
                    "BGD": {
                        "2040-07": 0.76000000000000001
                    },
                    "Barishal": {
                        "2040-07": 0.01
                    },
                    "Chattogram": {
                        "2040-07": 0
                    },
                    "Dhaka": {
                        "2040-07": 0.44
                    },
                    "Khulna": {
                        "2040-07": 1.3600000000000001
                    },
                    "Mymensingh": {
                        "2040-07": 0.13
                    },
                    "Rajshahi": {
                        "2040-07": 2.7999999999999998
                    },
                    "Rangpur": {
                        "2040-07": 1.0700000000000001
                    },
                    "Sylhet": {
                        "2040-07": 0
                    }
                },
                "ssp245": {
                    "BGD": {
                        "2040-07": 0.71999999999999997
                    },
                    "Barishal": {
                        "2040-07": 0.01
                    },
                    "Chattogram": {
                        "2040-07": 0
                    },
                    "Dhaka": {
                        "2040-07": 0.35999999999999999
                    },
                    "Khulna": {
                        "2040-07": 1.3200000000000001
                    },
                    "Mymensingh": {
                        "2040-07": 0.070000000000000007
                    },
                    "Rajshahi": {
                        "2040-07": 2.7400000000000002
                    },
                    "Rangpur": {
                        "2040-07": 1.02
                    },
                    "Sylhet": {
                        "2040-07": 0
                    }
                }
            }
        }
    },
    "prpercnt": {
        "trend": {
            "1971-2020": {
                "ssp126": {
                    "BGD": {
                        "1971-07": -1.3400000000000001
                    },
                    "Barishal": {
                        "1971-07": -1.54
                    },
                    "Chattogram": {
                        "1971-07": -1.96
                    },
                    "Dhaka": {
                        "1971-07": -1.3200000000000001
                    },
                    "Khulna": {
                        "1971-07": -1.5800000000000001
                    },
                    "Mymensingh": {
                        "1971-07": -0.98999999999999999
                    },
                    "Rajshahi": {
                        "1971-07": -0.88
                    },
                    "Rangpur": {
                        "1971-07": -0.19
                    },
                    "Sylhet": {
                        "1971-07": -1.72
                    }
                },
                "ssp245": {
                    "BGD": {
                        "1971-07": -1
                    },
                    "Barishal": {
                        "1971-07": -1.01
                    },
                    "Chattogram": {
                        "1971-07": -1.54
                    },
                    "Dhaka": {
                        "1971-07": -0.97999999999999998
                    },
                    "Khulna": {
                        "1971-07": -1.3100000000000001
                    },
                    "Mymensingh": {
                        "1971-07": -0.67000000000000004
                    },
                    "Rajshahi": {
                        "1971-07": -0.28999999999999998
                    },
                    "Rangpur": {
                        "1971-07": -0.46000000000000002
                    },
                    "Sylhet": {
                        "1971-07": -1.2
                    }
                }
            }
        },
        "anomaly": {
            "2040-2059": {
                "ssp126": {
                    "BGD": {
                        "2040-07": 2.7400000000000002
                    },
                    "Barishal": {
                        "2040-07": 1.6200000000000001
                    },
                    "Chattogram": {
                        "2040-07": 0.33000000000000002
                    },
                    "Dhaka": {
                        "2040-07": 2.4300000000000002
                    },
                    "Khulna": {
                        "2040-07": 3.4199999999999999
                    },
                    "Mymensingh": {
                        "2040-07": 4.6900000000000004
                    },
                    "Rajshahi": {
                        "2040-07": 5.8899999999999997
                    },
                    "Rangpur": {
                        "2040-07": 4.46
                    },
                    "Sylhet": {
                        "2040-07": 0.60999999999999999
                    }
                },
                "ssp245": {
                    "BGD": {
                        "2040-07": 0.28999999999999998
                    },
                    "Barishal": {
                        "2040-07": -1.0700000000000001
                    },
                    "Chattogram": {
                        "2040-07": -1.1499999999999999
                    },
                    "Dhaka": {
                        "2040-07": -0.22
                    },
                    "Khulna": {
                        "2040-07": -2.5
                    },
                    "Mymensingh": {
                        "2040-07": 1.78
                    },
                    "Rajshahi": {
                        "2040-07": 3.7000000000000002
                    },
                    "Rangpur": {
                        "2040-07": 4.3899999999999997
                    },